{
  "timestamp": "2026-02-26T02:38:53.200238",
  "iterations": 100,
  "signal_results": {
    "p1": {
      "avg_ms": 0.6520670003374107,
      "min_ms": 0.5068999889772385,
      "max_ms": 0.8900999964680523,
      "std_ms": 0.08188453540579682,
      "p50_ms": 0.6406999964383431,
      "p95_ms": 0.8087999885901809,
      "p99_ms": 0.8900999964680523,
      "tps": 1533.5847381979952,
      "count": 100
    },
    "p2": {
      "avg_ms": 1.6257720002613496,
      "min_ms": 1.4079999964451417,
      "max_ms": 2.228199999080971,
      "std_ms": 0.1332625315791108,
      "p50_ms": 1.6003500059014186,
      "p95_ms": 1.8643999937921762,
      "p99_ms": 2.228199999080971,
      "tps": 615.0923990813262,
      "count": 100
    },
    "p3": {
      "avg_ms": 2.597612999670673,
      "min_ms": 2.3456000053556636,
      "max_ms": 3.272400004789233,
      "std_ms": 0.18405954315976675,
      "p50_ms": 2.553749996877741,
      "p95_ms": 2.967799999169074,
      "p99_ms": 3.272400004789233,
      "tps": 384.9688156498988,
      "count": 100
    },
    "t1": {
      "avg_ms": 3.589697000279557,
      "min_ms": 3.2350000110454857,
      "max_ms": 4.274699997040443,
      "std_ms": 0.21448716003247018,
      "p50_ms": 3.5558500021579675,
      "p95_ms": 3.991699995822273,
      "p99_ms": 4.274699997040443,
      "tps": 278.5750440558416,
      "count": 100
    },
    "t2": {
      "avg_ms": 4.587948000116739,
      "min_ms": 4.160500000580214,
      "max_ms": 5.224599997745827,
      "std_ms": 0.23804352487495858,
      "p50_ms": 4.502850009885151,
      "p95_ms": 4.953600000590086,
      "p99_ms": 5.224599997745827,
      "tps": 217.9623657405348,
      "count": 100
    },
    "t3": {
      "avg_ms": 5.583974000182934,
      "min_ms": 5.143300004419871,
      "max_ms": 6.259300003875978,
      "std_ms": 0.2600663150377121,
      "p50_ms": 5.527599998458754,
      "p95_ms": 6.013000005623326,
      "p99_ms": 6.259300003875978,
      "tps": 179.0839283935132,
      "count": 100
    }
  },
  "ipc_results": {
    "process": {
      "avg_ms": 1.6266170007293113,
      "min_ms": 1.4378000050783157,
      "max_ms": 2.181499992730096,
      "std_ms": 0.16490108632178424,
      "p50_ms": 1.5702000018791296,
      "p95_ms": 1.9961000070907176,
      "p99_ms": 2.181499992730096,
      "tps": 614.7728688140104,
      "count": 100
    },
    "thread": {
      "avg_ms": 0.9646260000590701,
      "min_ms": 0.836199993500486,
      "max_ms": 1.4432000025408342,
      "std_ms": 0.11462511182740327,
      "p50_ms": 0.9372499989694916,
      "p95_ms": 1.3220000109868124,
      "p99_ms": 1.4432000025408342,
      "tps": 1036.6712072230728,
      "count": 100
    }
  }
}