{
  "timestamp": "2026-02-26T02:42:40.193938",
  "iterations": 100,
  "signal_results": {
    "p1": {
      "avg_ms": 0.07038399970042519,
      "min_ms": 0.05989999044686556,
      "max_ms": 0.20569999469444156,
      "std_ms": 0.01713250052653636,
      "p50_ms": 0.06629999552387744,
      "p95_ms": 0.09870000940281898,
      "p99_ms": 0.20569999469444156,
      "tps": 14207.774554675656,
      "count": 100
    },
    "p2": {
      "avg_ms": 0.2453750000859145,
      "min_ms": 0.10679999832063913,
      "max_ms": 0.35850000858772546,
      "std_ms": 0.03227300983377654,
      "p50_ms": 0.24190000840462744,
      "p95_ms": 0.302100001135841,
      "p99_ms": 0.35850000858772546,
      "tps": 4075.3948024446845,
      "count": 100
    },
    "p3": {
      "avg_ms": 0.2979679999407381,
      "min_ms": 0.2536000101827085,
      "max_ms": 0.4532000020844862,
      "std_ms": 0.03434191320092143,
      "p50_ms": 0.28824999753851444,
      "p95_ms": 0.36299999919719994,
      "p99_ms": 0.4532000020844862,
      "tps": 3356.0650814815244,
      "count": 100
    },
    "t1": {
      "avg_ms": 0.3934389998903498,
      "min_ms": 0.3043000033358112,
      "max_ms": 0.716499998816289,
      "std_ms": 0.07067595114986652,
      "p50_ms": 0.37805000465596095,
      "p95_ms": 0.5275000003166497,
      "p99_ms": 0.716499998816289,
      "tps": 2541.690072104435,
      "count": 100
    },
    "t2": {
      "avg_ms": 0.5329199993866496,
      "min_ms": 0.40669999725650996,
      "max_ms": 0.7701999857090414,
      "std_ms": 0.06598321080604813,
      "p50_ms": 0.5267499946057796,
      "p95_ms": 0.6550999969476834,
      "p99_ms": 0.7701999857090414,
      "tps": 1876.4542542049915,
      "count": 100
    },
    "t3": {
      "avg_ms": 0.6668399994669016,
      "min_ms": 0.5376000044634566,
      "max_ms": 0.9375999943586066,
      "std_ms": 0.061960773131518994,
      "p50_ms": 0.6637499973294325,
      "p95_ms": 0.767800011090003,
      "p99_ms": 0.9375999943586066,
      "tps": 1499.6101025724906,
      "count": 100
    }
  },
  "ipc_results": {
    "process": {
      "avg_ms": 1.622647000476718,
      "min_ms": 1.4214000111678615,
      "max_ms": 2.2743000008631498,
      "std_ms": 0.16443055165491566,
      "p50_ms": 1.5620499980286695,
      "p95_ms": 1.9721999997273088,
      "p99_ms": 2.2743000008631498,
      "tps": 616.2769842770546,
      "count": 100
    },
    "thread": {
      "avg_ms": 0.9643929997400846,
      "min_ms": 0.8268000092357397,
      "max_ms": 1.5996999864000827,
      "std_ms": 0.1395964052045281,
      "p50_ms": 0.9242999949492514,
      "p95_ms": 1.424999994924292,
      "p99_ms": 1.5996999864000827,
      "tps": 1036.9216701795967,
      "count": 100
    }
  }
}