{
  "timestamp": "2026-02-26T02:38:39.685713",
  "iterations": 100,
  "signal_results": {
    "p1": {
      "avg_ms": 0.6160649999219459,
      "min_ms": 0.5113000079290941,
      "max_ms": 1.353300001937896,
      "std_ms": 0.1073021574878969,
      "p50_ms": 0.5829000001540408,
      "p95_ms": 0.7839000027161092,
      "p99_ms": 1.353300001937896,
      "tps": 1623.2053437976479,
      "count": 100
    },
    "p2": {
      "avg_ms": 1.5741709995199926,
      "min_ms": 1.379199995426461,
      "max_ms": 2.6049000007333234,
      "std_ms": 0.17316506133463552,
      "p50_ms": 1.5181000053416938,
      "p95_ms": 1.9903999927919358,
      "p99_ms": 2.6049000007333234,
      "tps": 635.2550010798872,
      "count": 100
    },
    "p3": {
      "avg_ms": 2.5390219992550556,
      "min_ms": 2.220599999418482,
      "max_ms": 3.547999993315898,
      "std_ms": 0.21778878403434856,
      "p50_ms": 2.4741500019445084,
      "p95_ms": 3.0454000079771504,
      "p99_ms": 3.547999993315898,
      "tps": 393.8524362110286,
      "count": 100
    },
    "t1": {
      "avg_ms": 3.5286400001496077,
      "min_ms": 3.1718000100227073,
      "max_ms": 4.7153999912552536,
      "std_ms": 0.2657604503986339,
      "p50_ms": 3.433899997617118,
      "p95_ms": 3.989400007412769,
      "p99_ms": 4.7153999912552536,
      "tps": 283.3953024274513,
      "count": 100
    },
    "t2": {
      "avg_ms": 4.535979000211228,
      "min_ms": 4.1685000032885,
      "max_ms": 5.714400002034381,
      "std_ms": 0.2826808116941356,
      "p50_ms": 4.437349991349038,
      "p95_ms": 5.011599991121329,
      "p99_ms": 5.714400002034381,
      "tps": 220.4595744277989,
      "count": 100
    },
    "t3": {
      "avg_ms": 5.530811000498943,
      "min_ms": 5.099900008644909,
      "max_ms": 6.94949999160599,
      "std_ms": 0.31676796656032036,
      "p50_ms": 5.444800000987016,
      "p95_ms": 6.154900009278208,
      "p99_ms": 6.94949999160599,
      "tps": 180.80531045262413,
      "count": 100
    }
  },
  "ipc_results": {
    "process": {
      "avg_ms": 1.6711549993488006,
      "min_ms": 1.44830001227092,
      "max_ms": 2.3252999963006005,
      "std_ms": 0.18546226067027763,
      "p50_ms": 1.617899994016625,
      "p95_ms": 2.0975999941583723,
      "p99_ms": 2.3252999963006005,
      "tps": 598.3885398958626,
      "count": 100
    },
    "thread": {
      "avg_ms": 0.9100299997953698,
      "min_ms": 0.6990999972913414,
      "max_ms": 1.3590000016847625,
      "std_ms": 0.10971211197110285,
      "p50_ms": 0.8917999948607758,
      "p95_ms": 1.2630999990506098,
      "p99_ms": 1.3590000016847625,
      "tps": 1098.8648728337098,
      "count": 100
    }
  }
}