{
  "timestamp": "2026-02-26T02:38:41.503870",
  "iterations": 100,
  "signal_results": {
    "p1": {
      "avg_ms": 0.635092000302393,
      "min_ms": 0.4150999884586781,
      "max_ms": 1.0411999974166974,
      "std_ms": 0.08669778397568739,
      "p50_ms": 0.6236999979591928,
      "p95_ms": 0.7757999992463738,
      "p99_ms": 1.0411999974166974,
      "tps": 1574.5750214517889,
      "count": 100
    },
    "p2": {
      "avg_ms": 1.5869180006848183,
      "min_ms": 1.3057999894954264,
      "max_ms": 2.1183000062592328,
      "std_ms": 0.1421955367706594,
      "p50_ms": 1.566199993249029,
      "p95_ms": 1.8771000031847507,
      "p99_ms": 2.1183000062592328,
      "tps": 630.1522823286775,
      "count": 100
    },
    "p3": {
      "avg_ms": 2.5691150016791653,
      "min_ms": 2.313799996045418,
      "max_ms": 3.100600006291643,
      "std_ms": 0.16331068540522364,
      "p50_ms": 2.518200002668891,
      "p95_ms": 2.8762000001734123,
      "p99_ms": 3.100600006291643,
      "tps": 389.2390956988703,
      "count": 100
    },
    "t1": {
      "avg_ms": 3.5357320014736615,
      "min_ms": 3.1175000040093437,
      "max_ms": 4.2824999982258305,
      "std_ms": 0.20720803348029526,
      "p50_ms": 3.489400005491916,
      "p95_ms": 3.9625000063097104,
      "p99_ms": 4.2824999982258305,
      "tps": 282.8268657192369,
      "count": 100
    },
    "t2": {
      "avg_ms": 4.546046000177739,
      "min_ms": 4.1775999998208135,
      "max_ms": 5.665299991960637,
      "std_ms": 0.2595642750207707,
      "p50_ms": 4.452749999472871,
      "p95_ms": 4.989699998986907,
      "p99_ms": 5.665299991960637,
      "tps": 219.9713773157822,
      "count": 100
    },
    "t3": {
      "avg_ms": 5.514486000611214,
      "min_ms": 5.124700008309446,
      "max_ms": 6.666500004939735,
      "std_ms": 0.2668317795089412,
      "p50_ms": 5.4512000060640275,
      "p95_ms": 5.982000002404675,
      "p99_ms": 6.666500004939735,
      "tps": 181.34056372419155,
      "count": 100
    }
  },
  "ipc_results": {
    "process": {
      "avg_ms": 1.6145779991347808,
      "min_ms": 1.4248999941628426,
      "max_ms": 2.3914000048534945,
      "std_ms": 0.18834348324817057,
      "p50_ms": 1.5493499959120527,
      "p95_ms": 2.1069000067654997,
      "p99_ms": 2.3914000048534945,
      "tps": 619.3568849172226,
      "count": 100
    },
    "thread": {
      "avg_ms": 0.9631439996883273,
      "min_ms": 0.7500999927287921,
      "max_ms": 1.6853999986778945,
      "std_ms": 0.13870115258383364,
      "p50_ms": 0.9227499976987019,
      "p95_ms": 1.3227000017650425,
      "p99_ms": 1.6853999986778945,
      "tps": 1038.2663447247755,
      "count": 100
    }
  }
}