{
  "timestamp": "2026-02-26T02:39:00.190395",
  "iterations": 100,
  "signal_results": {
    "p1": {
      "avg_ms": 0.614891000877833,
      "min_ms": 0.49930000386666507,
      "max_ms": 0.9095999994315207,
      "std_ms": 0.06717627325924715,
      "p50_ms": 0.5985000098007731,
      "p95_ms": 0.7474000012734905,
      "p99_ms": 0.9095999994315207,
      "tps": 1626.3044971749077,
      "count": 100
    },
    "p2": {
      "avg_ms": 1.5689980010211002,
      "min_ms": 1.369599995086901,
      "max_ms": 1.996599996346049,
      "std_ms": 0.12898777519592738,
      "p50_ms": 1.53899999713758,
      "p95_ms": 1.8416999955661595,
      "p99_ms": 1.996599996346049,
      "tps": 637.3494417132478,
      "count": 100
    },
    "p3": {
      "avg_ms": 2.5307120008801576,
      "min_ms": 2.3142999998526648,
      "max_ms": 3.089599995291792,
      "std_ms": 0.16496240331526094,
      "p50_ms": 2.469850005581975,
      "p95_ms": 2.877300008549355,
      "p99_ms": 3.089599995291792,
      "tps": 395.1457137960422,
      "count": 100
    },
    "t1": {
      "avg_ms": 3.507557000266388,
      "min_ms": 3.2060000085039064,
      "max_ms": 4.038400002173148,
      "std_ms": 0.1899298375381113,
      "p50_ms": 3.449800002272241,
      "p95_ms": 3.9237999881152064,
      "p99_ms": 4.038400002173148,
      "tps": 285.0987168345527,
      "count": 100
    },
    "t2": {
      "avg_ms": 4.491570000391221,
      "min_ms": 4.125399995245971,
      "max_ms": 4.899499996099621,
      "std_ms": 0.2020393194771922,
      "p50_ms": 4.4095499979448505,
      "p95_ms": 4.847500007599592,
      "p99_ms": 4.899499996099621,
      "tps": 222.63929982453772,
      "count": 100
    },
    "t3": {
      "avg_ms": 5.484574999718461,
      "min_ms": 5.083500000182539,
      "max_ms": 5.906999998842366,
      "std_ms": 0.22365832931745275,
      "p50_ms": 5.436800005554687,
      "p95_ms": 5.887999999686144,
      "p99_ms": 5.906999998842366,
      "tps": 182.32953329133667,
      "count": 100
    }
  },
  "ipc_results": {
    "process": {
      "avg_ms": 1.662928001023829,
      "min_ms": 1.449899995350279,
      "max_ms": 2.1898999984841794,
      "std_ms": 0.17630058515695948,
      "p50_ms": 1.6222499980358407,
      "p95_ms": 2.0509000023594126,
      "p99_ms": 2.1898999984841794,
      "tps": 601.34894558533,
      "count": 100
    },
    "thread": {
      "avg_ms": 0.9356900004786439,
      "min_ms": 0.7379000016953796,
      "max_ms": 1.4004000113345683,
      "std_ms": 0.11113107361100333,
      "p50_ms": 0.9211999931721948,
      "p95_ms": 1.3175000058254227,
      "p99_ms": 1.4004000113345683,
      "tps": 1068.7300275609005,
      "count": 100
    }
  }
}