{
  "timestamp": "2026-02-26T02:38:54.959775",
  "iterations": 100,
  "signal_results": {
    "p1": {
      "avg_ms": 0.6289180002931971,
      "min_ms": 0.4188999882899225,
      "max_ms": 1.073000006726943,
      "std_ms": 0.08174779346045588,
      "p50_ms": 0.6167000028654002,
      "p95_ms": 0.7430999976349995,
      "p99_ms": 1.073000006726943,
      "tps": 1590.0324041191493,
      "count": 100
    },
    "p2": {
      "avg_ms": 1.5777040000830311,
      "min_ms": 1.2676999904215336,
      "max_ms": 2.024500005063601,
      "std_ms": 0.14996969245283323,
      "p50_ms": 1.5474500032723881,
      "p95_ms": 1.963699993211776,
      "p99_ms": 2.024500005063601,
      "tps": 633.8324552307481,
      "count": 100
    },
    "p3": {
      "avg_ms": 2.561775000358466,
      "min_ms": 2.2129999997559935,
      "max_ms": 3.115500003332272,
      "std_ms": 0.2095176374325183,
      "p50_ms": 2.4983999974210747,
      "p95_ms": 3.0197000014595687,
      "p99_ms": 3.115500003332272,
      "tps": 390.35434410128573,
      "count": 100
    },
    "t1": {
      "avg_ms": 3.537890000297921,
      "min_ms": 2.988699998240918,
      "max_ms": 4.496800000197254,
      "std_ms": 0.2601050525557395,
      "p50_ms": 3.4559999985503964,
      "p95_ms": 4.031400007079355,
      "p99_ms": 4.496800000197254,
      "tps": 282.6543504506334,
      "count": 100
    },
    "t2": {
      "avg_ms": 4.526397000299767,
      "min_ms": 4.061299987370148,
      "max_ms": 5.449600008432753,
      "std_ms": 0.2729226706470654,
      "p50_ms": 4.430649998539593,
      "p95_ms": 5.043100012699142,
      "p99_ms": 5.449600008432753,
      "tps": 220.92626871522177,
      "count": 100
    },
    "t3": {
      "avg_ms": 5.5179530002351385,
      "min_ms": 5.077000008895993,
      "max_ms": 6.470200009061955,
      "std_ms": 0.2973062781207696,
      "p50_ms": 5.425950002972968,
      "p95_ms": 6.066899994038977,
      "p99_ms": 6.470200009061955,
      "tps": 181.22662515563047,
      "count": 100
    }
  },
  "ipc_results": {
    "process": {
      "avg_ms": 1.6195590002462268,
      "min_ms": 1.451400006772019,
      "max_ms": 2.2367999918060377,
      "std_ms": 0.18698078135887525,
      "p50_ms": 1.539149998279754,
      "p95_ms": 2.086399996187538,
      "p99_ms": 2.2367999918060377,
      "tps": 617.4520346884348,
      "count": 100
    },
    "thread": {
      "avg_ms": 0.9616740007186309,
      "min_ms": 0.8159999997587875,
      "max_ms": 1.448700000764802,
      "std_ms": 0.11299915006468782,
      "p50_ms": 0.9375000008731149,
      "p95_ms": 1.3225000002421439,
      "p99_ms": 1.448700000764802,
      "tps": 1039.853421484546,
      "count": 100
    }
  }
}