{
  "timestamp": "2026-02-26T02:38:56.604047",
  "iterations": 100,
  "signal_results": {
    "p1": {
      "avg_ms": 0.6290210006409325,
      "min_ms": 0.4521000082604587,
      "max_ms": 0.8746000094106421,
      "std_ms": 0.07003108628380454,
      "p50_ms": 0.6137500022305176,
      "p95_ms": 0.7928999984869733,
      "p99_ms": 0.8746000094106421,
      "tps": 1589.7720409669366,
      "count": 100
    },
    "p2": {
      "avg_ms": 1.5748789998178836,
      "min_ms": 1.3821000029565766,
      "max_ms": 2.1050999930594116,
      "std_ms": 0.126662031856822,
      "p50_ms": 1.543250007671304,
      "p95_ms": 1.836900002672337,
      "p99_ms": 2.1050999930594116,
      "tps": 634.9694167714715,
      "count": 100
    },
    "p3": {
      "avg_ms": 2.569397999177454,
      "min_ms": 2.2726999886799604,
      "max_ms": 3.3202000049641356,
      "std_ms": 0.17226422172290953,
      "p50_ms": 2.5236999936169013,
      "p95_ms": 2.909300004830584,
      "p99_ms": 3.3202000049641356,
      "tps": 389.1962242985056,
      "count": 100
    },
    "t1": {
      "avg_ms": 3.5289710001961794,
      "min_ms": 3.2233000092674047,
      "max_ms": 4.219800001010299,
      "std_ms": 0.1926263784382033,
      "p50_ms": 3.4731999985524453,
      "p95_ms": 3.9243999926839024,
      "p99_ms": 4.219800001010299,
      "tps": 283.36872134806686,
      "count": 100
    },
    "t2": {
      "avg_ms": 4.529249999468448,
      "min_ms": 4.192399996099994,
      "max_ms": 5.27229999715928,
      "std_ms": 0.2196000799832276,
      "p50_ms": 4.47445000463631,
      "p95_ms": 4.905199995846488,
      "p99_ms": 5.27229999715928,
      "tps": 220.78710605891922,
      "count": 100
    },
    "t3": {
      "avg_ms": 5.502781000832329,
      "min_ms": 5.108099998324178,
      "max_ms": 6.220199997187592,
      "std_ms": 0.23584876900469948,
      "p50_ms": 5.461749999085441,
      "p95_ms": 5.928200000198558,
      "p99_ms": 6.220199997187592,
      "tps": 181.72629436801938,
      "count": 100
    }
  },
  "ipc_results": {
    "process": {
      "avg_ms": 1.6312049997213762,
      "min_ms": 1.4455999917117879,
      "max_ms": 2.2483000066131353,
      "std_ms": 0.1785374932374769,
      "p50_ms": 1.5697500057285652,
      "p95_ms": 2.06459999026265,
      "p99_ms": 2.2483000066131353,
      "tps": 613.0437315792979,
      "count": 100
    },
    "thread": {
      "avg_ms": 0.9859080002934206,
      "min_ms": 0.8309999975608662,
      "max_ms": 2.111599998897873,
      "std_ms": 0.16277968776699137,
      "p50_ms": 0.9511500029475428,
      "p95_ms": 1.3885000080335885,
      "p99_ms": 2.111599998897873,
      "tps": 1014.2934226138599,
      "count": 100
    }
  }
}