{
  "timestamp": "2026-02-26T02:39:02.042354",
  "iterations": 100,
  "signal_results": {
    "p1": {
      "avg_ms": 0.5984189995797351,
      "min_ms": 0.5018999945605174,
      "max_ms": 1.0580999951343983,
      "std_ms": 0.09711719126453167,
      "p50_ms": 0.5747000031988136,
      "p95_ms": 0.7826999935787171,
      "p99_ms": 1.0580999951343983,
      "tps": 1671.0699371214685,
      "count": 100
    },
    "p2": {
      "avg_ms": 1.5283279996947385,
      "min_ms": 1.3487000105669722,
      "max_ms": 1.996299994061701,
      "std_ms": 0.12379762847280922,
      "p50_ms": 1.5105499987839721,
      "p95_ms": 1.8707999988691881,
      "p99_ms": 1.996299994061701,
      "tps": 654.3098079729846,
      "count": 100
    },
    "p3": {
      "avg_ms": 2.532882999657886,
      "min_ms": 2.295900005265139,
      "max_ms": 3.2226000039372593,
      "std_ms": 0.19433448225160024,
      "p50_ms": 2.4658499969518743,
      "p95_ms": 2.971800000523217,
      "p99_ms": 3.2226000039372593,
      "tps": 394.8070243019788,
      "count": 100
    },
    "t1": {
      "avg_ms": 3.5132950003026053,
      "min_ms": 3.1654999911552295,
      "max_ms": 4.162299999734387,
      "std_ms": 0.2183478360718498,
      "p50_ms": 3.4364000021014363,
      "p95_ms": 3.9742999942973256,
      "p99_ms": 4.162299999734387,
      "tps": 284.63308657937023,
      "count": 100
    },
    "t2": {
      "avg_ms": 4.5039319996431,
      "min_ms": 4.186899997876026,
      "max_ms": 5.1146999903721735,
      "std_ms": 0.23882650017529033,
      "p50_ms": 4.4250999999349006,
      "p95_ms": 5.024699989007786,
      "p99_ms": 5.1146999903721735,
      "tps": 222.02821891610304,
      "count": 100
    },
    "t3": {
      "avg_ms": 5.489045999856899,
      "min_ms": 5.134200007887557,
      "max_ms": 6.181899996590801,
      "std_ms": 0.2558670030294363,
      "p50_ms": 5.421300003945362,
      "p95_ms": 6.022100002155639,
      "p99_ms": 6.181899996590801,
      "tps": 182.18102016745175,
      "count": 100
    }
  },
  "ipc_results": {
    "process": {
      "avg_ms": 1.6546000001835637,
      "min_ms": 1.459700011764653,
      "max_ms": 2.2319999989122152,
      "std_ms": 0.19064763749137653,
      "p50_ms": 1.5793999991728924,
      "p95_ms": 2.1069000067654997,
      "p99_ms": 2.2319999989122152,
      "tps": 604.3756798555896,
      "count": 100
    },
    "thread": {
      "avg_ms": 0.9375750008621253,
      "min_ms": 0.7305999897653237,
      "max_ms": 1.468399990699254,
      "std_ms": 0.14893130484211176,
      "p50_ms": 0.8921000044210814,
      "p95_ms": 1.3823000044794753,
      "p99_ms": 1.468399990699254,
      "tps": 1066.5813391787037,
      "count": 100
    }
  }
}