{
  "timestamp": "2026-02-26T02:38:14.965008",
  "iterations": 100,
  "signal_results": {
    "p1": {
      "avg_ms": 0.6528270008857362,
      "min_ms": 0.3956000000471249,
      "max_ms": 1.1356999893905595,
      "std_ms": 0.12037694321491085,
      "p50_ms": 0.6159999902592972,
      "p95_ms": 0.9177000029012561,
      "p99_ms": 1.1356999893905595,
      "tps": 1531.7993873464636,
      "count": 100
    },
    "p2": {
      "avg_ms": 1.5892690005421173,
      "min_ms": 1.2816999951610342,
      "max_ms": 2.1459999989019707,
      "std_ms": 0.16140822702289317,
      "p50_ms": 1.540499994007405,
      "p95_ms": 1.941800001077354,
      "p99_ms": 2.1459999989019707,
      "tps": 629.2201003473225,
      "count": 100
    },
    "p3": {
      "avg_ms": 2.5946010001644026,
      "min_ms": 2.2272000060183927,
      "max_ms": 3.08690000383649,
      "std_ms": 0.2008827991067117,
      "p50_ms": 2.5512499996693805,
      "p95_ms": 3.01799998851493,
      "p99_ms": 3.08690000383649,
      "tps": 385.4157151471986,
      "count": 100
    },
    "t1": {
      "avg_ms": 3.5899300005985424,
      "min_ms": 3.231099995900877,
      "max_ms": 4.14699999964796,
      "std_ms": 0.2239399127693663,
      "p50_ms": 3.5304500052006915,
      "p95_ms": 3.9898999966681004,
      "p99_ms": 4.14699999964796,
      "tps": 278.5569634598089,
      "count": 100
    },
    "t2": {
      "avg_ms": 4.601706000248669,
      "min_ms": 4.130499990424141,
      "max_ms": 5.430599994724616,
      "std_ms": 0.26396520381133376,
      "p50_ms": 4.572800004098099,
      "p95_ms": 5.050699997809716,
      "p99_ms": 5.430599994724616,
      "tps": 217.31071040739275,
      "count": 100
    },
    "t3": {
      "avg_ms": 5.598252000490902,
      "min_ms": 4.953099996782839,
      "max_ms": 6.495200010249391,
      "std_ms": 0.3044116033873034,
      "p50_ms": 5.574350005190354,
      "p95_ms": 6.170599997858517,
      "p99_ms": 6.495200010249391,
      "tps": 178.62718575589514,
      "count": 100
    }
  },
  "ipc_results": {
    "process": {
      "avg_ms": 1.6203080007107928,
      "min_ms": 1.4344999945024028,
      "max_ms": 2.252499994938262,
      "std_ms": 0.16865371008922916,
      "p50_ms": 1.570349995745346,
      "p95_ms": 2.0478999940678477,
      "p99_ms": 2.252499994938262,
      "tps": 617.166612496712,
      "count": 100
    },
    "thread": {
      "avg_ms": 0.9666900003503542,
      "min_ms": 0.8519000111846253,
      "max_ms": 1.563400001032278,
      "std_ms": 0.14875818376793642,
      "p50_ms": 0.9218000050168484,
      "p95_ms": 1.3947999977972358,
      "p99_ms": 1.563400001032278,
      "tps": 1034.4577885750068,
      "count": 100
    }
  }
}