{
  "timestamp": "2026-02-26T02:38:58.386342",
  "iterations": 100,
  "signal_results": {
    "p1": {
      "avg_ms": 0.6330540000635665,
      "min_ms": 0.41229999624192715,
      "max_ms": 0.8789999992586672,
      "std_ms": 0.08167311002119099,
      "p50_ms": 0.6159499971545301,
      "p95_ms": 0.7916000031400472,
      "p99_ms": 0.8789999992586672,
      "tps": 1579.6440744384959,
      "count": 100
    },
    "p2": {
      "avg_ms": 1.5735090000089258,
      "min_ms": 1.2984000059077516,
      "max_ms": 2.1594999998342246,
      "std_ms": 0.15502308661019693,
      "p50_ms": 1.5350000030593947,
      "p95_ms": 1.9309000053908676,
      "p99_ms": 2.1594999998342246,
      "tps": 635.5222626590172,
      "count": 100
    },
    "p3": {
      "avg_ms": 2.5621859992679674,
      "min_ms": 2.175300003727898,
      "max_ms": 3.289000000222586,
      "std_ms": 0.21732036996114892,
      "p50_ms": 2.5126500040641986,
      "p95_ms": 2.9925999988336116,
      "p99_ms": 3.289000000222586,
      "tps": 390.291727566112,
      "count": 100
    },
    "t1": {
      "avg_ms": 3.54420600051526,
      "min_ms": 3.1654000049456954,
      "max_ms": 4.289499993319623,
      "std_ms": 0.2439509676459501,
      "p50_ms": 3.4805500035872683,
      "p95_ms": 4.058599995914847,
      "p99_ms": 4.289499993319623,
      "tps": 282.1506424442087,
      "count": 100
    },
    "t2": {
      "avg_ms": 4.53251199942315,
      "min_ms": 4.114499999559484,
      "max_ms": 5.1488000026438385,
      "std_ms": 0.2536471573962804,
      "p50_ms": 4.451199994946364,
      "p95_ms": 5.048199993325397,
      "p99_ms": 5.1488000026438385,
      "tps": 220.62820796222258,
      "count": 100
    },
    "t3": {
      "avg_ms": 5.529280999762705,
      "min_ms": 5.004200007533655,
      "max_ms": 6.142500002169982,
      "std_ms": 0.28511645199331925,
      "p50_ms": 5.448349998914637,
      "p95_ms": 6.009399992763065,
      "p99_ms": 6.142500002169982,
      "tps": 180.85534087396104,
      "count": 100
    }
  },
  "ipc_results": {
    "process": {
      "avg_ms": 1.606788000499364,
      "min_ms": 1.461899999412708,
      "max_ms": 2.1170999971218407,
      "std_ms": 0.141408339886083,
      "p50_ms": 1.5566499932901934,
      "p95_ms": 1.9616000063251704,
      "p99_ms": 2.1170999971218407,
      "tps": 622.3596390371449,
      "count": 100
    },
    "thread": {
      "avg_ms": 0.9648309992917348,
      "min_ms": 0.7904000085545704,
      "max_ms": 1.3941000070190057,
      "std_ms": 0.11325334959911358,
      "p50_ms": 0.9334999995189719,
      "p95_ms": 1.3217999949119985,
      "p99_ms": 1.3941000070190057,
      "tps": 1036.450943983021,
      "count": 100
    }
  }
}