{
  "timestamp": "2026-02-26T02:38:37.869761",
  "iterations": 100,
  "signal_results": {
    "p1": {
      "avg_ms": 0.6037069998274092,
      "min_ms": 0.4273999948054552,
      "max_ms": 0.8824999968055636,
      "std_ms": 0.06689762511185468,
      "p50_ms": 0.5881500037503429,
      "p95_ms": 0.7553000032203272,
      "p99_ms": 0.8824999968055636,
      "tps": 1656.43267393932,
      "count": 100
    },
    "p2": {
      "avg_ms": 1.5632709994679317,
      "min_ms": 1.3648999884026125,
      "max_ms": 2.187999998568557,
      "std_ms": 0.13241605107619628,
      "p50_ms": 1.539149998279754,
      "p95_ms": 1.818499993532896,
      "p99_ms": 2.187999998568557,
      "tps": 639.6843543700073,
      "count": 100
    },
    "p3": {
      "avg_ms": 2.548735999298515,
      "min_ms": 2.297500002896413,
      "max_ms": 3.09729999571573,
      "std_ms": 0.17012204475939638,
      "p50_ms": 2.4942499949247576,
      "p95_ms": 2.896699996199459,
      "p99_ms": 3.09729999571573,
      "tps": 392.3513460300434,
      "count": 100
    },
    "t1": {
      "avg_ms": 3.525727999804076,
      "min_ms": 3.105999989202246,
      "max_ms": 4.077599995071068,
      "std_ms": 0.19868284940324363,
      "p50_ms": 3.4734000073513016,
      "p95_ms": 3.92699999792967,
      "p99_ms": 4.077599995071068,
      "tps": 283.6293667734918,
      "count": 100
    },
    "t2": {
      "avg_ms": 4.518742999644019,
      "min_ms": 4.172700006165542,
      "max_ms": 5.133099999511614,
      "std_ms": 0.206510657939928,
      "p50_ms": 4.469400002562907,
      "p95_ms": 4.917199999908917,
      "p99_ms": 5.133099999511614,
      "tps": 221.30048114680983,
      "count": 100
    },
    "t3": {
      "avg_ms": 5.51687099999981,
      "min_ms": 5.144299997482449,
      "max_ms": 6.038399995304644,
      "std_ms": 0.22074900546739823,
      "p50_ms": 5.476650003402028,
      "p95_ms": 5.916299996897578,
      "p99_ms": 6.038399995304644,
      "tps": 181.26216835594568,
      "count": 100
    }
  },
  "ipc_results": {
    "process": {
      "avg_ms": 1.6092860001663212,
      "min_ms": 1.4454000047408044,
      "max_ms": 2.286300004925579,
      "std_ms": 0.1557988073591624,
      "p50_ms": 1.5478000059374608,
      "p95_ms": 1.9483000069158152,
      "p99_ms": 2.286300004925579,
      "tps": 621.3935869054035,
      "count": 100
    },
    "thread": {
      "avg_ms": 0.957869000849314,
      "min_ms": 0.7633000059286132,
      "max_ms": 1.4762000064365566,
      "std_ms": 0.11521134082192185,
      "p50_ms": 0.9337500014225952,
      "p95_ms": 1.3216999941505492,
      "p99_ms": 1.4762000064365566,
      "tps": 1043.9840929326763,
      "count": 100
    }
  }
}