{
  "timestamp": "2026-02-26T02:42:46.533699",
  "iterations": 100,
  "signal_results": {
    "p1": {
      "avg_ms": 0.0702569997520186,
      "min_ms": 0.0594000011915341,
      "max_ms": 0.2457000082358718,
      "std_ms": 0.0201725152726083,
      "p50_ms": 0.06535000284202397,
      "p95_ms": 0.08929999603424221,
      "p99_ms": 0.2457000082358718,
      "tps": 14233.45721464954,
      "count": 100
    },
    "p2": {
      "avg_ms": 0.2536329990834929,
      "min_ms": 0.10889999975915998,
      "max_ms": 0.4828000091947615,
      "std_ms": 0.0394425588012169,
      "p50_ms": 0.24585000210208818,
      "p95_ms": 0.3313999914098531,
      "p99_ms": 0.4828000091947615,
      "tps": 3942.704630759865,
      "count": 100
    },
    "p3": {
      "avg_ms": 0.30838199963909574,
      "min_ms": 0.26280000747647136,
      "max_ms": 0.5152000085217878,
      "std_ms": 0.04458177493308083,
      "p50_ms": 0.29459999495884404,
      "p95_ms": 0.418099996750243,
      "p99_ms": 0.5152000085217878,
      "tps": 3242.731421322631,
      "count": 100
    },
    "t1": {
      "avg_ms": 0.41833499853964895,
      "min_ms": 0.3139999898849055,
      "max_ms": 0.6638000049861148,
      "std_ms": 0.060517346646162644,
      "p50_ms": 0.4133999900659546,
      "p95_ms": 0.5310999986249954,
      "p99_ms": 0.6638000049861148,
      "tps": 2390.4287317362046,
      "count": 100
    },
    "t2": {
      "avg_ms": 0.5488409986719489,
      "min_ms": 0.3995000006398186,
      "max_ms": 0.7656999950995669,
      "std_ms": 0.06212956667208943,
      "p50_ms": 0.5396999986260198,
      "p95_ms": 0.650999994832091,
      "p99_ms": 0.7656999950995669,
      "tps": 1822.0213184141444,
      "count": 100
    },
    "t3": {
      "avg_ms": 0.6717410001147073,
      "min_ms": 0.5652999971061945,
      "max_ms": 0.8938999962992966,
      "std_ms": 0.06555048958290653,
      "p50_ms": 0.661599995510187,
      "p95_ms": 0.826000003144145,
      "p99_ms": 0.8938999962992966,
      "tps": 1488.6689956832154,
      "count": 100
    }
  },
  "ipc_results": {
    "process": {
      "avg_ms": 1.6695310013892595,
      "min_ms": 1.4515000075334683,
      "max_ms": 2.3459999938495457,
      "std_ms": 0.1714008568444589,
      "p50_ms": 1.6414500059909187,
      "p95_ms": 2.0509000023594126,
      "p99_ms": 2.3459999938495457,
      "tps": 598.9706086127627,
      "count": 100
    },
    "thread": {
      "avg_ms": 0.9314810000068974,
      "min_ms": 0.6988999957684427,
      "max_ms": 1.4096999948378652,
      "std_ms": 0.11850560583713847,
      "p50_ms": 0.9083500044653192,
      "p95_ms": 1.2906000047223642,
      "p99_ms": 1.4096999948378652,
      "tps": 1073.5592030246405,
      "count": 100
    }
  }
}